r0c0_46e43fe9,r0c1_053e0834,r0c2_04ee1603,r0c3_7f964386,r0c4_2e0dc52d,r0c5_5116e4a8,r0c6_ce1b7fe7,r0c7_26597c1a
r1c0_f4f69cb1,r1c1_3cac6e5c,r1c2_cc25360b,r1c3_b4ee13ee,r1c4_3ab4ca75,r1c5_05b4d950,r1c6_ce03dc6f,r1c7_c34c5f02
r2c0_dc5c9279,r2c1_9d4f9984,r2c2_ee885713,r2c3_2ce7f156,r2c4_7fc478bd,r2c5_cbf962f8,r2c6_9fbfc9f7,r2c7_7cc39eea
r3c0_08894141,r3c1_bac029ac,r3c2_5a97991b,r3c3_30c57bbe,r3c4_7b51f005,r3c5_95b721a0,r3c6_16c1687f,r3c7_a84adbd2
r4c0_1353c909,r4c1_3baabed4,r4c2_eed71c23,r4c3_d1fc5326,r4c4_8e16504d,r4c5_2f14b548,r4c6_94bed807,r4c7_ece1b5ba
r5c0_f17749d1,r5c1_3c4ff8fc,r5c2_7a4f002b,r5c3_f0b6178e,r5c4_4feeb995,r5c5_890cbdf0,r5c6_d232388f,r5c7_717bcca2
r6c0_4f12e399,r6c1_01047824,r6c2_cd0b6533,r6c3_125068f6,r6c4_745c4bdd,r6c5_53eddb98,r6c6_b6d9aa17,r6c7_db80c08a
r7c0_7c29b661,r7c1_f8b0dc4c,r7c2_d89c6b3b,r7c3_07dce75e,r7c4_3f042725,r7c5_e9daae40,r7c6_42374c9f,r7c7_1d4c3172
r8c0_e922e229,r8c1_0f51c574,r8c2_e0963243,r8c3_64a132c6,r8c4_882f6b6d,r8c5_8949d5e8,r8c6_84114027,r8c7_14adbf5a
r9c0_334986f1,r9c1_5077d39c,r9c2_bb10da4b,r9c3_c496eb2e,r9c4_514b38b5,r9c5_df85f290,r9c6_a4f1a4af,r9c7_f9690a42
r10c0_c14cc4b9,r10c1_d9c7a6c4,r10c2_21288353,r10c3_e2ebb096,r10c4_e968aefd,r10c5_e32da438,r10c6_fea69a37,r10c7_9bb5b22a
r11c0_efbfbb81,r11c1_1d79deec,r11c2_0f7d4d5b,r11c3_808122fe,r11c4_a1bcee45,r11c5_feb38ae0,r11c6_44c240bf,r11c7_72bf5712
r12c0_cd998b49,r12c1_74db1c14,r12c2_36b35863,r12c3_1a6ce266,r12c4_1221168d,r12c5_8ade4688,r12c6_bd1ab847,r12c7_7b2598fa
r13c0_68b55411,r13c1_02cbfe3c,r13c2_7bf2c46b,r13c3_70788ece,r13c4_ed9247d5,r13c5_99487730,r13c6_884a20cf,r13c7_e57c17e2
r14c0_aa5235d9,r14c1_e6412564,r14c2_8967b173,r14c3_dba1c836,r14c4_66b1a21d,r14c5_0ee0bcd8,r14c6_fa2e9a57,r14c7_94ca73ca
r15c0_c39350a1,r15c1_bcc3318c,r15c2_6ec23f7b,r15c3_749a2e9e,r15c4_24444565,r15c5_0e69b780,r15c6_026a44df,r15c7_6d0c4cb2
r16c0_29ffc469,r16c1_74eec2b4,r16c2_51b68e83,r16c3_0a476206,r16c4_c5b351ad,r16c5_b2fa0728,r16c6_a4e34067,r16c7_71b1429a
r17c0_2402b131,r17c1_70f478dc,r17c2_2e7cbe8b,r17c3_e843026e,r17c4_f78be6f5,r17c5_1a7c4bd0,r17c6_8243acef,r17c7_b41cf582
r18c0_e56b36f9,r18c1_f918f404,r18c2_a850ef93,r18c3_6d5aafd6,r18c4_17ff253d,r18c5_c02f2578,r18c6_7079aa77,r18c7_1227056a
r19c0_3bec75c1,r19c1_fe34d42c,r19c2_e9f3419b,r19c3_72100a3e,r19c4_6b622c85,r19c5_27253420,r19c6_233758ff,r19c7_c49b1252
r20c0_cb9d8d89,r20c1_2c34b954,r20c2_9627d4a3,r20c3_7f18b1a6,r20c4_e0ae1ccd,r20c5_d4c517c8,r20c6_e472d887,r20c7_bdb8bc3a
r21c0_db799e51,r21c1_4c99437c,r21c2_c836c8ab,r21c3_d3de460e,r21c4_66001615,r21c5_9b497070,r21c6_5ce6490f,r21c7_d7b3a322
r22c0_b1dfc819,r22c1_f8f712a4,r22c2_246c3db3,r22c3_3cfe6776,r22c4_cd19385d,r22c5_3440de18,r22c6_6c8fca97,r22c7_d333670a
r23c0_81132ae1,r23c1_9d76c6cc,r23c2_f89853bb,r23c3_bacab5de,r23c4_3fdea3a5,r23c5_2b0e00c0,r23c6_13317d1f,r23c7_25d3a7f2
r24c0_e3bae6a9,r24c1_cb54fff4,r24c2_6c8f2ac3,r24c3_f7c8d146,r24c4_44d977ed,r24c5_17677868,r24c6_68d180a7,r24c7_98a405da
r25c0_e9621b71,r25c1_db625e1c,r25c2_c2a8e2cb,r25c3_8f3259ae,r25c4_53b6d535,r25c5_27d7e510,r25c6_a639f52f,r25c7_b6a820c2
r26c0_b2f7e939,r26c1_e0838144,r26c2_a8419bd3,r26c3_2374ef16,r26c4_f9c7db7d,r26c5_fc3de6b8,r26c6_3d78fab7,r26c7_0b5798aa
r27c0_9f4f7001,r27c1_ea31096c,r27c2_963975db,r27c3_44b2317e,r27c4_8e81aac5,r27c5_d04c1d60,r27c6_0260b13f,r27c7_311e0d92
r28c0_079fcfc9,r28c1_96f79694,r28c2_417490e3,r28c3_273fc0e6,r28c4_77fd630d,r28c5_f6092908,r28c6_630738c7,r28c7_afdb1f7a
r29c0_8c042891,r29c1_f6f7c8bc,r29c2_1b5b0ceb,r29c3_2a273d4e,r29c4_ff782455,r29c5_a04fa9b0,r29c6_b046b14f,r29c7_ab626e62
r30c0_effb9a59,r30c1_be663fe4,r30c2_e25909f3,r30c3_2da646b6,r30c4_b5d30e9d,r30c5_fd4e3f58,r30c6_763d3ad7,r30c7_61fb9a4a
r31c0_86e94521,r31c1_c80b9c0c,r31c2_425ea7fb,r31c3_b9ae7d1e,r31c4_681341e5,r31c5_a1078a00,r31c6_e4ccf55f,r31c7_7ae24332
r32c0_309448e9,r32c1_e7c47d34,r32c2_85600703,r32c3_f4658086,r32c4_a3e1de2d,r32c5_3fd229a8,r32c6_481c00e7,r32c7_24c6091a
r33c0_e5a7c5b1,r33c1_0d01835c,r33c2_53d5470b,r33c3_68a4f0ee,r33c4_cc0c0375,r33c5_b8d8be50,r33c6_91147d6f,r33c7_044a8c02
r34c0_d432db79,r34c1_b5474e84,r34c2_853a8813,r34c3_9c7a6e56,r34c4_bd02d1bd,r34c5_7099e7f8,r34c6_ede48af7,r34c7_f2876bea
r35c0_0c28aa41,r35c1_aeae7eac,r35c2_008fea1b,r35c3_77a798be,r35c4_015b6905,r35c5_fb6846a0,r35c6_727e497f,r35c7_8b8848d2
r36c0_bbe05209,r36c1_2a63b3d4,r36c2_acd98d23,r36c3_7a221026,r36c4_964ee94d,r36c5_17ea7a48,r36c6_d117d907,r36c7_8cccc2ba
r37c0_fc94f2d1,r37c1_1f278dfc,r37c2_719f912b,r37c3_c293748e,r37c4_403a7295,r37c5_f99b22f0,r37c6_22ab598f,r37c7_03c879a2
r38c0_2ee5ac99,r38c1_fbcead24,r38c2_476e1633,r38c3_e4d965f6,r38c4_6f1f24dd,r38c5_e348e098,r38c6_bf76eb17,r38c7_4c630d8a
r39c0_e7559f61,r39c1_a9c1b14c,r39c2_58553c3b,r39c3_9085845e,r39c4_b3222025,r39c5_11965340,r39c6_277cad9f,r39c7_df781e72
r40c0_6acbeb29,r40c1_df7d3a74,r40c2_30692343,r40c3_075d6fc6,r40c4_c10c846d,r40c5_f57a1ae8,r40c6_fb02c127,r40c7_f1574c5a
r41c0_bb13aff1,r41c1_c311e89c,r41c2_fe41eb4b,r41c3_63dac82e,r41c4_06cb71b5,r41c5_bebed790,r41c6_031345af,r41c7_e0443742
r42c0_335c0db9,r42c1_dca45bc4,r42c2_e37bb453,r42c3_afab2d96,r42c4_cff007fd,r42c5_36832938,r42c6_49fc5b37,r42c7_72f67f2a
r43c0_b4b82481,r43c1_58ed33ec,r43c2_55369e5b,r43c3_ca303ffe,r43c4_fa2f6745,r43c5_e9b9afe0,r43c6_43d021bf,r43c7_e719c412
r44c0_629f1449,r44c1_9bb91114,r44c2_8c96c963,r44c3_1eff9f66,r44c4_39e2af8d,r44c5_a3a90b88,r44c6_06e4b947,r44c7_cfcda5fa
r45c0_ef6bfd11,r45c1_2268933c,r45c2_0744556b,r45c3_2c62ebce,r45c4_ee8700d5,r45c5_386bdc30,r45c6_945441cf,r45c7_c425c4e2
r46c0_78ddfed9,r46c1_b6705a64,r46c2_17eb6273,r46c3_d9d7c536,r46c4_873d7b1d,r46c5_9f70c1d8,r46c6_307cdb57,r46c7_dda9c0ca
r47c0_f49839a1,r47c1_efd9068c,r47c2_86bc107b,r47c3_9e8fcb9e,r47c4_774b3e65,r47c5_5dfa5c80,r47c6_cb80a5df,r47c7_06d539b2
r48c0_2ca1cd69,r48c1_07bf37b4,r48c2_41ea7f83,r48c3_77f09f06,r48c4_ba996aad,r48c5_419f4c28,r48c6_79c5c167,r48c7_1997cf9a
r49c0_4be5da31,r49c1_fad38ddc,r49c2_1e2ecf8b,r49c3_b013df6e,r49c4_ea351ff5,r49c5_6aca30d0,r49c6_fc764def,r49c7_cdd52282
r50c0_fab37ff9,r50c1_fbdaa904,r50c2_a7452093,r50c3_74472cd6,r50c4_e0cf7e3d,r50c5_a739aa78,r50c6_5a006b77,r50c7_77e4d26a
r51c0_0b3ddec1,r51c1_362d292c,r51c2_006d929b,r51c3_3b8c273e,r51c4_ef3da585,r51c5_1c805920,r51c6_869639ff,r51c7_97127f52
r52c0_b61c1689,r52c1_e037ae54,r52c2_d4ec45a3,r52c3_fd186ea6,r52c4_a0f8b5cd,r52c5_4284dcc8,r52c6_1cadd987,r52c7_341dc93a
r53c0_66c94751,r53c1_9dfad87c,r53c2_588959ab,r53c3_36d5a30e,r53c4_109dcf15,r53c5_2e01d570,r53c6_25816a0f,r53c7_0fba5022
r54c0_18249119,r54c1_338b47a4,r54c2_5810eeb3,r54c3_c3e16476,r54c4_cc6e115d,r54c5_2b05e318,r54c6_f18f0b97,r54c7_a10fb40a
r55c0_40f113e1,r55c1_87919bcc,r55c2_59d324bb,r55c3_830d52de,r55c4_4ace9ca5,r55c5_a773a5c0,r55c6_0118de1f,r55c7_e43994f2
r56c0_5055efa9,r56c1_f5ca74f4,r56c2_ce241bc3,r56c3_cd5f0e46,r56c4_eec890ed,r56c5_6d81bd68,r56c6_fca501a7,r56c7_f8c792da
r57c0_ba5e4471,r57c1_f186731c,r57c2_4fdbf3cb,r57c3_bc9036ae,r57c4_9c890e35,r57c5_2e3aca10,r57c6_bd7d962f,r57c7_903d4dc2
r58c0_94793239,r58c1_f82a3644,r58c2_f4d6ccd3,r58c3_418e6c16,r58c4_dde1347d,r58c5_5bfd6bb8,r58c6_6630bbb7,r58c7_2c9265aa
r59c0_c1f9d901,r59c1_d3ae5e6c,r59c2_ae74c6db,r59c3_0afb4e7e,r59c4_96c623c5,r59c5_54fc4260,r59c6_8b10923f,r59c7_2eb27a92
r60c0_b09758c9,r60c1_2d1f8b94,r60c2_ba1a01e3,r60c3_3bac7de6,r60c4_49d0fc0d,r60c5_ddbdee08,r60c6_6ab339c7,r60c7_b4fd2c7a
r61c0_a4ecd191,r61c1_6f1e5dbc,r61c2_21ae9deb,r61c3_f12b9a4e,r61c4_ecbedd55,r61c5_eb9d0eb0,r61c6_3672d24f,r61c7_49c61b62
r62c0_96f96359,r62c1_f85f74e4,r62c2_4c1ebaf3,r62c3_9a3643b6,r62c4_4cf0e79d,r62c5_bf484458,r62c6_6aed7bd7,r62c7_61d4e74a
r63c0_9ea02e21,r63c1_9e2b710c,r63c2_9dda78fb,r63c3_1d3e1a1e,r63c4_03ec3ae5,r63c5_4f422f00,r63c6_3885565f,r63c7_aae53032
r64c0_f02851e9,r64c1_7edef234,r64c2_2955f803,r64c3_cee8bd86,r64c4_fbd9f72d,r64c5_02616ea8,r64c6_fbe081e7,r64c7_2a26961a
r65c0_68bceeb1,r65c1_246a985c,r65c2_6f89580b,r65c3_388fcdee,r65c4_84073c75,r65c5_ba50a350,r65c6_c6691e6f,r65c7_2abcb902
r66c0_aaed2479,r66c1_f6d30384,r66c2_3070b913,r66c3_aec0eb56,r66c4_f5652abd,r66c5_2e0e6cf8,r66c6_f6cd4bf7,r66c7_fc3f38ea
r67c0_cb2c1341,r67c1_feb0d3ac,r67c2_4b8c3b1b,r67c3_b7bdb5be,r67c4_e708e205,r67c5_946d6ba0,r67c6_e17f2a7f,r67c7_8139b5d2
r68c0_8c50db09,r68c1_f7b0a8d4,r68c2_b05ffe23,r68c3_41fbcd26,r68c4_f2ab824d,r68c5_9e943f48,r68c6_8934da07,r68c7_8dabcfba
r69c0_2c169bd1,r69c1_b31322fc,r69c2_5ef4222b,r69c3_aaa4d18e,r69c4_092a2b95,r69c5_c27d87f0,r69c6_67687a8f,r69c7_158926a2
r70c0_bf9c7599,r70c1_ca2ce224,r70c2_7854c733,r70c3_941662f6,r70c4_5705fddd,r70c5_d577e598,r70c6_44d82c17,r70c7_2b395a8a
r71c0_1fe58861,r71c1_a0e6864c,r71c2_5f120d3b,r71c3_8c62215e,r71c4_b8e41925,r71c5_f6a5f840,r71c6_22060e9f,r71c7_ce180b72
r72c0_6658f429,r72c1_b83caf74,r72c2_e7c01443,r72c3_83cdacc6,r72c4_c00d9d6d,r72c5_c97e5fe8,r72c6_2fb84227,r72c7_88f4d95a
r73c0_f941d8f1,r73c1_50bffd9c,r73c2_9976fc4b,r73c3_1352a52e,r73c4_46efaab5,r73c5_004bbc90,r73c6_d778e6af,r73c7_e0936442
r74c0_284f56b9,r74c1_5d1510c4,r74c2_fe52e553,r74c3_931eaa96,r74c4_959b60fd,r74c5_36acae38,r74c6_d4161c37,r74c7_922b4c2a
r75c0_59148d81,r75c1_c47488ec,r75c2_03f3ef5b,r75c3_01135cfe,r75c4_1645e045,r75c5_1c13d4e0,r75c6_5a2202bf,r75c7_a1e83112
r76c0_c3889d49,r76c1_f52b0614,r76c2_6bfe3a63,r76c3_b7465c66,r76c4_99c8488d,r76c5_ee47d088,r76c6_5072ba47,r76c7_3969b2fa
r77c0_be86a611,r77c1_c719283c,r77c2_4c99e66b,r77c3_f28148ce,r77c4_2c1fb9d5,r77c5_43e34130,r77c6_98a262cf,r77c7_564371e2
r78c0_9c4dc7d9,r78c1_ae338f64,r78c2_a0f31373,r78c3_28c1c236,r78c4_78ed541d,r78c5_26d4c6d8,r78c6_678f1c57,r78c7_487d0dca
r79c0_170122a1,r79c1_3d02db8c,r79c2_e9b9e17b,r79c3_2fb9689e,r79c4_bff63765,r79c5_7edf0180,r79c6_addb06df,r79c7_011226b2
r80c0_4d27d669,r80c1_f723acb4,r80c2_dda27083,r80c3_334ddc06,r80c4_59a383ad,r80c5_cc189128,r80c6_906c4267,r80c7_30725c9a
r81c0_4e2d0331,r81c1_73c6a2dc,r81c2_29e4e08b,r81c3_7c18bc6e,r81c4_cb8258f5,r81c5_316c15d0,r81c6_f0eceeef,r81c7_35014f82
r82c0_36dfc8f9,r82c1_d0305e04,r82c2_42bd5193,r82c3_05e7a9d6,r82c4_6cc3d73d,r82c5_cf182f78,r82c6_064b2c77,r82c7_d9969f6a
r83c0_ddf347c1,r83c1_72397e2c,r83c2_43ebe39b,r83c3_e63c443e,r83c4_9abd1e85,r83c5_6d2f7e20,r83c6_05391aff,r83c7_e3fdec52
r84c0_107e9f89,r84c1_1acea354,r84c2_e134b6a3,r84c3_82cc2ba6,r84c4_7d674ecd,r84c5_7618a1c8,r84c6_d8acda87,r84c7_7376d63a
r85c0_5e7cf051,r85c1_48706d7c,r85c2_66dfeaab,r85c3_9801000e,r85c4_5bdf8815,r85c5_410e3a70,r85c6_ea608b0f,r85c7_2f34fd22
r86c0_774d5a19,r86c1_e9b37ca4,r86c2_ca399fb3,r86c3_0f786176,r86c4_80e6ea5d,r86c5_ac9ee818,r86c6_fb524c97,r86c7_44e0010a
r87c0_1632fce1,r87c1_5fc070cc,r87c2_ca11f5bb,r87c3_a683efde,r87c4_af6295a5,r87c5_092d4ac0,r87c6_0c443f1f,r87c7_371381f2
r88c0_7ed4f8a9,r88c1_d0d3e9f4,r88c2_1f3d0cc3,r88c3_64a94b46,r88c4_26dba9ed,r88c5_53700268,r88c6_563c82a7,r88c7_7bdf1fda
r89c0_89be6d71,r89c1_cabe881c,r89c2_bd1304cb,r89c3_e22213ae,r89c4_37ff4735,r89c5_bef1af10,r89c6_5305372f,r89c7_eb467ac2
r90c0_40de7b39,r90c1_3564eb44,r90c2_21effdd3,r90c3_5e5be916,r90c4_691e8d7d,r90c5_9090f0b8,r90c6_d5ac7cb7,r90c7_fdc132aa
r91c0_0c084201,r91c1_953fb36c,r91c2_b7b417db,r91c3_a6786b7e,r91c4_2aae9cc5,r91c5_49006760,r91c6_3304733f,r91c7_dabae792
r92c0_6d72e1c9,r92c1_9ddb8094,r92c2_444372e3,r92c3_cbcd3ae6,r92c4_1bc8950d,r92c5_1f46b308,r92c6_7a233ac7,r92c7_3713397a
r93c0_4e397a91,r93c1_1458f2bc,r93c2_6a062eeb,r93c3_aa63f74e,r93c4_dea99655,r93c5_cb3e73b0,r93c6_bce2f34f,r93c7_039dc862
r94c0_dadb2c59,r94c1_01eca9e4,r94c2_38686bf3,r94c3_3f7a40b6,r94c4_7d32c09d,r94c5_a0164958,r94c6_6861bcd7,r94c7_eba2344a
r95c0_efbb1721,r95c1_365f460c,r95c2_cc5a49fb,r95c3_d001b71e,r95c4_5d6933e5,r95c5_f6d0d400,r95c6_ad81b75f,r95c7_a35c1d32
r96c0_15a05ae9,r96c1_1a8d6734,r96c2_00cfe903,r96c3_df1ffa86,r96c4_c5f6102d,r96c5_e8c4b3a8,r96c6_f96902e7,r96c7_067b231a
r97c0_0e3617b1,r97c1_d2e7ad5c,r97c2_2f41690b,r97c3_f4aeaaee,r97c4_f2a67575,r97c5_5a1c8850,r97c6_7e01bf6f,r97c7_06a2e602
r98c0_f08b6d79,r98c1_b1f2b884,r98c2_002aea13,r98c3_33bb6856,r98c4_b8eb83bd,r98c5_5456f1f8,r98c6_ca7a0cf7,r98c7_69eb05ea
r99c0_d5937c41,r99c1_fac728ac,r99c2_4b8c8c1b,r99c3_c107d2be,r99c4_bc5a5b05,r99c5_b0c690a0,r99c6_73c40b7f,r99c7_595f22d2
r100c0_14a56409,r100c1_f3919dd4,r100c2_096a6f23,r100c3_f9898a26,r100c4_332c1b4d,r100c5_13120448,r100c6_cd15db07,r100c7_bf7edcba
r101c0_0ffc44d1,r101c1_4812b7fc,r101c2_524cb32b,r101c3_78ea2e8e,r101c4_3abde495,r101c5_33b3ecf0,r101c6_b0699b8f,r101c7_76bdd3a2
r102c0_91373e99,r102c1_bc1f1724,r102c2_6fbf7833,r102c3_f0075ff6,r102c4_bc10d6dd,r102c5_7a7aea98,r102c6_56fd6d17,r102c7_4803a78a
r103c0_b5d97161,r103c1_2e1f5b4c,r103c2_fcd2de3b,r103c3_cb72be5e,r103c4_e04a1225,r103c5_e9099d40,r103c6_41d36f9f,r103c7_b92bf872
r104c0_6bc9fd29,r104c1_e9902474,r104c2_169b0543,r104c3_a9f1e9c6,r104c4_1532b66d,r104c5_5556a4e8,r104c6_3231c327,r104c7_ab86665a
r105c0_7dd401f1,r105c1_4982129c,r105c2_9cb00d4b,r105c3_a2fe822e,r105c4_a1b7e3b5,r105c5_f42ca190,r105c6_322287af,r105c7_ca569142
r106c0_30269fb9,r106c1_ab19c5c4,r106c2_81ae1653,r106c3_5d462796,r106c4_ca6ab9fd,r106c5_33aa3338,r106c6_acf3dd37,r106c7_c954192a
r107c0_6cd4f681,r107c1_b00fddec,r107c2_2bb5405b,r107c3_f52a79fe,r107c4_86005945,r107c5_e5c1f9e0,r107c6_97b7e3bf,r107c7_732a9e12
r108c0_80562649,r108c1_d130fb14,r108c2_e4e9ab63,r108c3_b3411966,r108c4_c1d1e18d,r108c5_baba9588,r108c6_a9c4bb47,r108c7_87f9bffa
r109c0_66054f11,r109c1_40ddbd3c,r109c2_5bf3776b,r109c3_92d3a5ce,r109c4_365c72d5,r109c5_0baea630,r109c6_a53483cf,r109c7_6bd51ee2
r110c0_a4a190d9,r110c1_1d8ac464,r110c2_347ec473,r110c3_985fbf36,r110c4_cbc12d1d,r110c5_f50ccbd8,r110c6_af655d57,r110c7_a5445aca
r111c0_bace0ba1,r111c1_f440b08c,r111c2_a7bbb27b,r111c3_f817059e,r111c4_8e453065,r111c5_c117a680,r111c6_b97967df,r111c7_2bc313b2
r112c0_1b91df69,r112c1_931c21b4,r112c2_34de6183,r112c3_0c5f1906,r112c4_32d19cad,r112c5_a265d628,r112c6_f8d6c367,r112c7_8640e99a
r113c0_bad82c31,r113c1_2bcdb7dc,r113c2_619ef18b,r113c3_1c51996e,r113c4_2b7391f5,r113c5_be61fad0,r113c6_6fa78fef,r113c7_b9a17c82
r114c0_29f011f9,r114c1_c61a1304,r114c2_8ab98293,r114c3_f23c26d6,r114c4_4bdc303d,r114c5_87cab478,r114c6_8559ed77,r114c7_073c6c6a
r115c0_440cb0c1,r115c1_0259d32c,r115c2_c46e349b,r115c3_4220613e,r115c4_fde09785,r115c5_6932a320,r115c6_af1ffbff,r115c7_7b5d5952
r116c0_6ac52889,r116c1_2bf99854,r116c2_cb0127a3,r116c3_e033e8a6,r116c4_05f9e7cd,r116c5_bf8066c8,r116c6_286fdb87,r116c7_4bc3e33a
r117c0_52949951,r117c1_9bfa027c,r117c2_033a7bab,r117c3_c7605d0e,r117c4_d7c54115,r117c5_246e9f70,r117c6_bb83ac0f,r117c7_0623aa22
r118c0_5f5a2319,r118c1_6b6fb1a4,r118c2_8ae650b3,r118c3_efc35e76,r118c4_7a83c35d,r118c5_090bed18,r118c6_99d98d97,r118c7_8ea44e0a
r119c0_90d8e5e1,r119c1_760345cc,r119c2_5954c6bb,r119c3_f52e8cde,r119c4_fd9a8ea5,r119c5_a03aefc0,r119c6_44b3a01f,r119c7_ee616ef2
r120c0_ff3801a9,r120c1_ac715ef4,r120c2_6fd9fdc3,r120c3_8da78846,r120c4_7d12c2ed,r120c5_19324768,r120c6_859803a7,r120c7_f1eaacda
r121c0_e7829671,r121c1_b70a9d1c,r121c2_1a4e15cb,r121c3_cfe7f0ae,r121c4_b6198035,r121c5_29fc9410,r121c6_76d0d82f,r121c7_97c3a7c2
r122c0_4827c439,r122c1_e833a044,r122c2_3f8d2ed3,r122c3_49dd6616,r122c4_2b7fe67d,r122c5_e9f875b8,r122c6_9bec3db7,r122c7_4ee3ffaa
r123c0_0d7aab01,r123c1_7ee5086c,r123c2_c1f768db,r123c3_e729887e,r123c4_da3b15c5,r123c5_fc588c60,r123c6_0a3c543f,r123c7_05375492
r124c0_ce326ac9,r124c1_392b7594,r124c2_eff0e3e3,r124c3_a7a1f7e6,r124c4_7de42e0d,r124c5_0aa37808,r124c6_a1573bc7,r124c7_061d467a
r125c0_17ea2391,r125c1_36a787bc,r125c2_0461bfeb,r125c3_25d0544e,r125c4_65384f55,r125c5_8f33d8b0,r125c6_5397144f,r125c7_a8e97562
r126c0_4ba0f559,r126c1_2b0ddee4,r126c2_b7361cf3,r126c3_ed723db6,r126c4_d698999d,r126c5_efb84e58,r126c6_7e99fdd7,r126c7_cf63814a
r127c0_0a3a0021,r127c1_e0a71b0c,r127c2_ddde1afb,r127c3_a1f9541e,r127c4_048a2ce5,r127c5_e7b37900,r127c6_53c2185f,r127c7_34470a32
